Market,DateTime,Business,Brand,URL,Keyword,SB,SBFlag,Product1,Product1Flag,Product1Buttons,Product1Offer,Product2,Product2Flag,Product2Buttons,Product2Offer,Product3,Product3Flag,Product3Buttons,Product3Offer,Product4,Product4Flag,Product4Buttons,Product4Offer,SBV,SBVFlag
NL,10/07/2022 07:19:07,Health,Durex,https://www.amazon.nl/s?k=condooms,condooms,Ga naar de productpagina voor Durex - Condooms Thin Feel - Extra Dun - 20 stuks. Komt niet in aanmerking voor Prime.---Condooms---Nude,1,Gesponsorde advertentie - Durex Condooms Nude - Extra Dun - 40 stuks,1,N/A,N/A,Gesponsorde advertentie - Durex - Condooms Extra Safe - Meer Comfort - 20st,1,N/A,N/A,Gesponsorde advertentie - Durex Condooms Thin Feel - Extra Glijmiddel - 10st,1,N/A,N/A,Gesponsorde advertentie - Durex Condooms Classic Natural 12st,1,N/A,N/A,N/A,0
NL,10/07/2022 07:19:07,Health,Durex,https://www.amazon.nl/s?k=glijmiddel,glijmiddel,Ga naar de productpagina voor Durex Sensitive - Sexual Glijmiddel - Waterbasis - 100 ml. Komt niet in aanmerking voor Prime.---Ga naar de productpagina voor Durex - Glijmiddel Natural - Extra Sensitive - 100% Natuurlijk - Waterbasis - 100 ml. Komt niet in aanmerking voor Prime.---Ga naar de productpagina voor Durex Massage Olie en Glijmiddel 2-in-1 - Sensual met Ylang Ylang - waterbasis - 200 ml. Komt niet in aanmerking voor Prime.,1,Gesponsorde advertentie - Durex - Glijmiddel Natural - Extra Sensitive - 100% Natuurlijk - Waterbasis - 100 ml,1,N/A,N/A,Gesponsorde advertentie - Durex Glijmiddel Play Sweet Strawberry – Aardbei - waterbasis - 50ML,1,N/A,N/A,Gesponsorde advertentie - Durex - Glijmiddel Natural - Hydraterend - 100% Natuurlijk - Waterbasis - 100 ml,1,N/A,N/A,Gesponsorde advertentie - FERTILILY Conceptie Gel - Spermavriendelijk Glijmiddel - Vruchtbaarheidsmiddel - pH Neutraal - O...,0,N/A,N/A,N/A,0
NL,10/07/2022 07:19:07,Health,Durex,https://www.amazon.nl/s?k=durex,durex,Ga naar de productpagina voor Durex Glijmiddel Sensitive - Waterbasis - 250 ml. Komt niet in aanmerking voor Prime.---Ga naar de productpagina voor Durex Massage Olie en Glijmiddel 2-in-1 - Sensual met Ylang Ylang - waterbasis - 200 ml. Komt niet in aanmerking voor Prime.,1,Gesponsorde advertentie - Durex Condooms Classic Natural 40 stuks,1,Bestseller,N/A,Gesponsorde advertentie - Durex Sensitive - Sexual Glijmiddel - Waterbasis - 100 ml,1,N/A,N/A,Gesponsorde advertentie - Durex Glijmiddel Natural - 100% Natuurlijk - Waterbasis - 100 ml,1,N/A,N/A,Gesponsorde advertentie - Durex Condooms Nude - Extra Dun - 40 stuks,1,N/A,N/A,N/A,0
NL,10/07/2022 07:19:07,Health,Durex,https://www.amazon.nl/s?k=condoms,condoms,Ga naar de productpagina voor Durex - Condooms Thin Feel - Extra Dun - 20 stuks. Komt niet in aanmerking voor Prime.---Condooms---Nude,1,Gesponsorde advertentie - Durex - Condooms Thin Feel - Extra Dun - 20 stuks,1,N/A,N/A,Gesponsorde advertentie - Durex Condooms Nude - Extra Dun - 40 stuks,1,N/A,N/A,Gesponsorde advertentie - Durex Condooms Extra Safe - Extra Glijmiddel - 12st,1,N/A,N/A,Gesponsorde advertentie - Durex Condooms Classic Natural 12st,1,N/A,N/A,N/A,0
NL,10/07/2022 07:19:07,Health,Durex,https://www.amazon.nl/s?k=durex+glijmiddel,durex glijmiddel,Ga naar de productpagina voor Durex Glijmiddel Natural - Waterbasis - 250 ml. Komt niet in aanmerking voor Prime.---Ga naar de productpagina voor Durex Glijmiddel Sensitive - Waterbasis - 250 ml. Komt niet in aanmerking voor Prime.---Ga naar de productpagina voor Durex - Glijmiddel Natural - Extra Sensitive - 100% Natuurlijk - Waterbasis - 100 ml. Komt niet in aanmerking voor Prime.,1,Gesponsorde advertentie - Durex Glijmiddel Natural - 100% Natuurlijk - Waterbasis - 100 ml,1,N/A,N/A,Gesponsorde advertentie - Durex Sensitive - Sexual Glijmiddel - Waterbasis - 100 ml,1,N/A,N/A,Gesponsorde advertentie - Durex - 10 condooms Naturals - Fijne Condooms met Glijmiddel op Waterbasis,1,N/A,N/A,Gesponsorde advertentie - Durex Massage Olie en Glijmiddel 2-in-1 - Sensual met Ylang Ylang - waterbasis - 200 ml,1,N/A,N/A,N/A,0
NL,10/07/2022 07:19:07,Health,Durex,https://www.amazon.nl/s?k=glijmiddel+waterbasis,glijmiddel waterbasis,"Ga naar de productpagina voor EasyGlide, Glijmiddel op Waterbasis (500ml) – Dit glijmiddel is geschikt voor langdurig gebruik, heeft een neutrale smaak en is transparant van kleur. Beoordeeld met 4.3 uit 5 sterren op basis van 12494 recensies. Komt niet in aanmerking voor Prime.---Ga naar de productpagina voor EasyGlide, Passion Fruit Glijmiddel op Waterbasis (30ml) – Dit glijmiddel is voor langdurig gebruik, het heeft de geur en smaak van passievrucht en is transparant van kleur. Beoordeeld met 4.2 uit 5 sterren op basis van 656 recensies. Komt niet in aanmerking voor Prime.---Ga naar de productpagina voor EasyGlide, Anaal Glijmiddel op Waterbasis (150ml) – Dit glijmiddel is speciaal ontwikkeld voor anaal gebruik, is vetvrij, heeft een transparante kleur en is geurloos. Beoordeeld met 4.2 uit 5 sterren op basis van 1857 recensies. Komt niet in aanmerking voor Prime.",0,Gesponsorde advertentie - Durex Sensitive - Sexual Glijmiddel - Waterbasis - 100 ml,1,N/A,N/A,Gesponsorde advertentie - Durex Sensitive - Sexual Glijmiddel - Waterbasis - 50 ml,1,N/A,N/A,Gesponsorde advertentie - Durex - Glijmiddel Natural - Hydraterend - 100% Natuurlijk - Waterbasis - 100 ml,1,N/A,N/A,Gesponsorde advertentie - Durex - Glijmiddel Natural - Extra Sensitive - 100% Natuurlijk - Waterbasis - 100 ml,1,N/A,N/A,N/A,0
NL,10/07/2022 07:19:07,Health,Durex,https://www.amazon.nl/s?k=durex+condoom,durex condoom,Ga naar de productpagina voor Durex Condooms Nude - Extra Dun - 40 stuks. Komt in aanmerking voor Prime.---Ga naar de productpagina voor Durex Condooms Classic Natural 40 stuks. Komt in aanmerking voor Prime.---Ga naar de productpagina voor Durex - Condooms Thin Feel - Extra Dun - 20 stuks. Komt niet in aanmerking voor Prime.,1,Gesponsorde advertentie - Durex - 10 condooms Naturals - Fijne Condooms met Glijmiddel op Waterbasis,1,N/A,N/A,Gesponsorde advertentie - Durex Condooms Nude - Extra Dun - 40 stuks,1,N/A,N/A,Gesponsorde advertentie - Durex Condooms Classic Natural 40 stuks,1,Bestseller,N/A,Gesponsorde advertentie - Durex - Condooms Thin Feel - Extra Dun - 20 stuks,1,N/A,N/A,N/A,0
NL,10/07/2022 07:19:07,Health,Durex,https://www.amazon.nl/s?k=condoom,condoom,Ga naar de productpagina voor Durex - Condooms Thin Feel - Extra Dun - 20 stuks. Komt niet in aanmerking voor Prime.---Condooms---Nude,1,Gesponsorde advertentie - Durex Condooms Classic Natural 40 stuks,1,Bestseller,N/A,Gesponsorde advertentie - Durex - Condooms Thin Feel - Extra Dun - 20 stuks,1,N/A,N/A,Gesponsorde advertentie - Durex Condooms Nude - Extra Dun - 40 stuks,1,N/A,N/A,Gesponsorde advertentie - Durex Condooms Thin Feel - Extra Glijmiddel - 10st,1,N/A,N/A,N/A,0
NL,10/07/2022 07:19:07,Health,Durex,https://www.amazon.nl/s?k=durex+play,durex play,Ga naar de productpagina voor Durex Glijmiddel Natural - Waterbasis - 250 ml. Komt niet in aanmerking voor Prime.---Ga naar de productpagina voor Durex Glijmiddel Sensitive - Waterbasis - 250 ml. Komt niet in aanmerking voor Prime.---Ga naar de productpagina voor Durex - Glijmiddel Natural - Extra Sensitive - 100% Natuurlijk - Waterbasis - 100 ml. Komt niet in aanmerking voor Prime.,1,Gesponsorde advertentie - Durex Sensitive - Sexual Glijmiddel - Waterbasis - 100 ml,1,N/A,N/A,Gesponsorde advertentie - Durex Massage Olie en Glijmiddel 2-in-1 - Sensual met Ylang Ylang - waterbasis - 200 ml,1,N/A,N/A,Durex Glijmiddel Play Sweet Strawberry – Aardbei - waterbasis - 50ML,1,N/A,N/A,"Durex Play Warmende glijgel op waterbasis, zachte glijgel met warm effect, 1 x 50 ml in de praktische doseerfles",1,N/A,N/A,N/A,0
NL,10/07/2022 07:19:07,Health,Durex,https://www.amazon.nl/s?k=durex+condooms,durex condooms,Ga naar de productpagina voor Durex Condooms Nude - Extra Dun - 40 stuks. Komt in aanmerking voor Prime.---Ga naar de productpagina voor Durex Condooms Classic Natural 40 stuks. Komt in aanmerking voor Prime.---Ga naar de productpagina voor Durex - Condooms Thin Feel - Extra Dun - 20 stuks. Komt niet in aanmerking voor Prime.,1,Gesponsorde advertentie - Durex Condooms Classic Natural 40 stuks,1,Bestseller,N/A,Gesponsorde advertentie - Durex Condooms Nude - Extra Dun - 40 stuks,1,N/A,N/A,Gesponsorde advertentie - Durex - 10 condooms Naturals - Fijne Condooms met Glijmiddel op Waterbasis,1,N/A,N/A,Gesponsorde advertentie - Durex Condooms Performa - vertragend effect - 10 stuks,1,N/A,N/A,N/A,0
NL,10/07/2022 07:19:07,Health,Durex,https://www.amazon.nl/s?k=latexvrije+condooms,latexvrije condooms,Ga naar de productpagina voor Durex - Condooms Thin Feel - Extra Dun - 20 stuks. Komt niet in aanmerking voor Prime.---Condooms---Nude,1,"Gesponsorde advertentie - Skyn Extra vochtige 10 latexvrije condooms, per stuk verpakt (1 x 10 stuks)",0,N/A,N/A,"Gesponsorde advertentie - SKYN® Elite condooms, latexvrij, 24 stuks",0,N/A,N/A,Gesponsorde advertentie - Durex Real Feel Condooms - Latexvrije condooms voor een natuurlijk huid-op-huid gevoel - Latexvr...,1,N/A,N/A,"Billy Boy Skyn Nauwsluitende extra condoom, latexvrij, extra vocht, 8 stuks",0,N/A,N/A,N/A,0
NL,10/07/2022 07:19:07,Health,Durex,https://www.amazon.nl/s?k=condooms+xl,condooms xl,Ga naar de productpagina voor Durex - Condooms Thin Feel - Extra Dun - 20 stuks. Komt niet in aanmerking voor Prime.---Condooms---Nude,1,Gesponsorde advertentie - FAIR SQUARED Condooms XL 48 Box 60 mm – veganistische condooms klimaatneutraal van eerlijk behan...,0,N/A,N/A,Gesponsorde advertentie - FAIR SQUARED XL condooms 8 stuks 60 mm - Vegan condooms 8st gemaakt van fair trade natuurlijk ru...,0,N/A,N/A,Gesponsorde advertentie - FAIR SQUARED XL condooms 100 box 60 mm – veganistische condooms 100 stuks van eerlijk behandeld ...,0,N/A,N/A,"Gesponsorde advertentie - MY.SIZE condoomset maat 5, 6, 7 - 60, 64, 69mm, 3x3 stuks - perfecte pasvorm en een geschikte ma...",0,N/A,N/A,N/A,0
NL,10/07/2022 07:19:07,Health,Durex,https://www.amazon.nl/s?k=anaal+glijmiddel,anaal glijmiddel,Ga naar de productpagina voor Durex Sensitive - Sexual Glijmiddel - Waterbasis - 100 ml. Komt niet in aanmerking voor Prime.---Ga naar de productpagina voor Durex - Glijmiddel Natural - Extra Sensitive - 100% Natuurlijk - Waterbasis - 100 ml. Komt niet in aanmerking voor Prime.---Ga naar de productpagina voor Durex Massage Olie en Glijmiddel 2-in-1 - Sensual met Ylang Ylang - waterbasis - 200 ml. Komt niet in aanmerking voor Prime.,1,Gesponsorde advertentie - EXCITE anaal glijmiddel op waterbasis. Neutraal aroma. 200 ml.,0,N/A,N/A,Gesponsorde advertentie - HEALLILY 2Pcs Glijmiddel Applicator Glijmiddel Applicator Spuit Anale Vaginale Shooter Launcher ...,0,N/A,N/A,Gesponsorde advertentie - Hemoton 10 Stuks Anale Vaginale Applicator Vaginale Glijmiddel Applicator Persoonlijke Glijmidde...,0,N/A,N/A,Gesponsorde advertentie - Hemoton 2Pcs Anale Vaginale Glijmiddel Applicator Spuit Shooter Injector Met Pull Ring Voor Mann...,0,N/A,N/A,N/A,0
NL,10/07/2022 07:19:07,Health,Durex,https://www.amazon.nl/s?k=condooms+100+stuks,condooms 100 stuks,Ga naar de productpagina voor Durex - Condooms Thin Feel - Extra Dun - 20 stuks. Komt niet in aanmerking voor Prime.---Condooms---Nude,1,"Gesponsorde advertentie - AMOR NATURE Premium Condooms, perfecte positionering en geschikte maat voor iedereen - ? 53 mm, ...",0,N/A,N/A,Gesponsorde advertentie - Durex Condooms Classic Natural 40 stuks,1,Bestseller,N/A,Gesponsorde advertentie - Durex Condooms Nude - Extra Dun - 40 stuks,1,N/A,N/A,Gesponsorde advertentie - Durex - Condooms Thin Feel - Extra Dun - 20 stuks,1,N/A,N/A,N/A,0
NL,10/07/2022 07:19:07,Health,Durex,https://www.amazon.nl/s?k=glijmiddel+siliconen,glijmiddel siliconen,Ga naar de productpagina voor Durex Sensitive - Sexual Glijmiddel - Waterbasis - 100 ml. Komt niet in aanmerking voor Prime.---Ga naar de productpagina voor Durex - Glijmiddel Natural - Extra Sensitive - 100% Natuurlijk - Waterbasis - 100 ml. Komt niet in aanmerking voor Prime.---Ga naar de productpagina voor Durex Massage Olie en Glijmiddel 2-in-1 - Sensual met Ylang Ylang - waterbasis - 200 ml. Komt niet in aanmerking voor Prime.,1,Gesponsorde advertentie - DOITOOL Zwart Vaginale Applicators Glijmiddel Buis Siliconen Glijmiddel Applicator Spuit Launche...,0,N/A,N/A,"EasyGlide, Siliconen Glijmiddel (150ml) – Dit glijmiddel droogt niet uit, werkt ook in het water, heeft een transparante k...",0,N/A,N/A,"EasyGlide, Glijmiddel op Waterbasis (1000ml) – Dit glijmiddel is geschikt voor langdurig gebruik, heeft een neutrale smaak...",0,Bestseller,N/A,pjur ORIGINAL - Hoogwaardige siliconen-glijgel - langdurig glijgenot zonder plakken - zeer krachtig en geschikt voor condo...,0,N/A,N/A,N/A,0
NL,10/07/2022 07:19:07,Health,Durex,https://www.amazon.nl/s?k=Durex+glijmiddel+waterbasis,Durex glijmiddel waterbasis,Ga naar de productpagina voor Durex Glijmiddel Natural - Waterbasis - 250 ml. Komt niet in aanmerking voor Prime.---Ga naar de productpagina voor Durex Glijmiddel Sensitive - Waterbasis - 250 ml. Komt niet in aanmerking voor Prime.---Ga naar de productpagina voor Durex - Glijmiddel Natural - Extra Sensitive - 100% Natuurlijk - Waterbasis - 100 ml. Komt niet in aanmerking voor Prime.,1,Gesponsorde advertentie - Durex - Glijmiddel Natural - Hydraterend - 100% Natuurlijk - Waterbasis - 100 ml,1,N/A,N/A,Gesponsorde advertentie - Durex - Glijmiddel Natural - Extra Sensitive - 100% Natuurlijk - Waterbasis - 100 ml,1,N/A,N/A,Gesponsorde advertentie - Durex Glijmiddel Natural - 100% Natuurlijk - Waterbasis - 100 ml,1,N/A,N/A,Gesponsorde advertentie - Durex Sensitive - Sexual Glijmiddel - Waterbasis - 100 ml,1,N/A,N/A,N/A,0
NL,10/07/2022 07:19:07,Health,Durex,https://www.amazon.nl/s?k=Durex+glijmiddel+anaal,Durex glijmiddel anaal,Ga naar de productpagina voor Durex Glijmiddel Natural - Waterbasis - 250 ml. Komt niet in aanmerking voor Prime.---Ga naar de productpagina voor Durex Glijmiddel Sensitive - Waterbasis - 250 ml. Komt niet in aanmerking voor Prime.---Ga naar de productpagina voor Durex - Glijmiddel Natural - Extra Sensitive - 100% Natuurlijk - Waterbasis - 100 ml. Komt niet in aanmerking voor Prime.,1,Gesponsorde advertentie - Durex Glijmiddel Natural - 100% Natuurlijk - Waterbasis - 100 ml,1,N/A,N/A,Gesponsorde advertentie - Durex Sensitive - Sexual Glijmiddel - Waterbasis - 100 ml,1,N/A,N/A,Gesponsorde advertentie - Durex - 10 condooms Naturals - Fijne Condooms met Glijmiddel op Waterbasis,1,N/A,N/A,Gesponsorde advertentie - Durex Massage Olie en Glijmiddel 2-in-1 - Sensual met Ylang Ylang - waterbasis - 200 ml,1,N/A,N/A,N/A,0
NL,10/07/2022 07:19:07,Health,Durex,https://www.amazon.nl/s?k=glijmiddel+anale+sex,glijmiddel anale sex,Ga naar de productpagina voor Durex Sensitive - Sexual Glijmiddel - Waterbasis - 100 ml. Komt niet in aanmerking voor Prime.---Ga naar de productpagina voor Durex - Glijmiddel Natural - Extra Sensitive - 100% Natuurlijk - Waterbasis - 100 ml. Komt niet in aanmerking voor Prime.---Ga naar de productpagina voor Durex Massage Olie en Glijmiddel 2-in-1 - Sensual met Ylang Ylang - waterbasis - 200 ml. Komt niet in aanmerking voor Prime.,1,Gesponsorde advertentie - EXCITE anaal glijmiddel op waterbasis. Neutraal aroma. 200 ml.,0,N/A,N/A,"Just Glide 6239460000 Anal Glijmiddel 200 ml - natuurlijk glijmiddel op waterbasis voor hem en haar, glijcr?me voor anaal ...",0,N/A,N/A,pjur analyse me! Relaxing - Siliconen glijgel voor comfortabele anale sex - extra lang glijdend - met jojoba (100ml),0,N/A,N/A,"HOT Warming Anal Superglide Waterbased, 100 ml",0,N/A,N/A,N/A,0
NL,10/07/2022 07:19:07,Health,Dettol,https://www.amazon.nl/s?k=allesreinigerspray,allesreinigerspray,"Ga naar de productpagina voor Dettol Power en Fresh Allesreiniger Spray Citrus 6 x 500 ml Grootverpakking. Komt niet in aanmerking voor Prime.---Ga naar de productpagina voor Dettol Hygiënische Multireiniger Spray 6 x 500 ml Grootverpakking. Komt niet in aanmerking voor Prime.---Ga naar de productpagina voor Dettol Allesreiniger Spray - Eucalyptus met 98,8% ingrediënten van natuurlijke oorsprong - 500 ml x12 - Grootverpakking. Komt in aanmerking voor Prime.",1,"Gesponsorde advertentie - Cif CleanBoost Power & Shine Allesreiniger Spray, met 5x Power is veelzijdig en krachtig - 6 x 7...",0,N/A,N/A,Gesponsorde advertentie - Dettol Power en Fresh Allesreiniger Spray Original 6 x 500 ml Grootverpakking,1,N/A,N/A,Gesponsorde advertentie - Dettol Power en Fresh Allesreiniger Spray Katoenfris 6 x 500 ml Grootverpakking,1,N/A,N/A,Gesponsorde advertentie - Dettol Power en Fresh Allesreiniger Spray Citrus 6 x 500 ml Grootverpakking,1,Amazon's Keuze,N/A,N/A,0
NL,10/07/2022 07:19:07,Health,Dettol,https://www.amazon.nl/s?k=allesreiniger+,allesreiniger ,"Ga naar de productpagina voor Dettol Power en Fresh Allesreiniger Spray Citrus 6 x 500 ml Grootverpakking. Komt niet in aanmerking voor Prime.---Ga naar de productpagina voor Dettol - Hygiënische Doekjes - Perfecte Hygiene - Grootverpakking 4 x 80. Komt niet in aanmerking voor Prime.---Ga naar de productpagina voor Dettol - Power en Fresh Allesreiniger Original 6 x 1,5 Liter Grootverpakking. Komt in aanmerking voor Prime.",1,"Gesponsorde advertentie - Cif CleanBoost Power & Shine Allesreiniger Spray, met 5x Power is veelzijdig en krachtig - 6 x 7...",0,N/A,N/A,Gesponsorde advertentie - Dettol Allesreiniger Spray - Mandarijn & Citroenbloesem - 100% ingrediënten van natuurlijke oors...,1,N/A,N/A,"Gesponsorde advertentie - Dettol - Power en Fresh Allesreiniger Original 6 x 1,5 Liter Grootverpakking",1,N/A,N/A,Gesponsorde advertentie - Dettol - Power en Fresh Allesreiniger - Citroen en Limoen - 4 x 1 Liter Grootverpakking,1,N/A,N/A,N/A,0
NL,10/07/2022 07:19:07,Health,Dettol,https://www.amazon.nl/s?k=allesreiniger+doekjes,allesreiniger doekjes,Ga naar de productpagina voor Dettol - Power en Fresh MultiReinigingsdoekjes Citrus 4 x 80 Doekjes Grootverpakking. Komt niet in aanmerking voor Prime.---Ga naar de productpagina voor Dettol Schoonmaakdoekjes Bio afbreekbaar - Citrus 8 x 50 Doekjes Grootverpakking. Komt in aanmerking voor Prime.---Ga naar de productpagina voor Dettol - Power en Fresh MultiReinigingsdoekjes Oceaan 4 x 80 Doekjes Grootverpakking. Komt niet in aanmerking voor Prime.,1,Gesponsorde advertentie - Page wc papier - Sensitive toiletpapier - 24 rollen - Voordeelverpakking,0,N/A,N/A,Gesponsorde advertentie - Page wc papier - Compleet Schoon toiletpapier - 48 Rollen - Voordeelverpakking,0,Bestseller,N/A,Gesponsorde advertentie - Page wc papier - Kussenzacht toiletpapier - 42 rollen - Voordeelverpakking,0,N/A,N/A,Gesponsorde advertentie - Page wc papier - Kussenzacht toiletpapier - 24 rollen - Voordeelverpakking,0,N/A,N/A,N/A,0
NL,10/07/2022 07:19:07,Health,Dettol,https://www.amazon.nl/s?k=allesreinigerdoekjes,allesreinigerdoekjes,Ga naar de productpagina voor Dettol - Power en Fresh MultiReinigingsdoekjes Citrus 4 x 80 Doekjes Grootverpakking. Komt niet in aanmerking voor Prime.---Ga naar de productpagina voor Dettol Schoonmaakdoekjes Bio afbreekbaar - Citrus 8 x 50 Doekjes Grootverpakking. Komt in aanmerking voor Prime.---Ga naar de productpagina voor Dettol - Power en Fresh MultiReinigingsdoekjes Oceaan 4 x 80 Doekjes Grootverpakking. Komt niet in aanmerking voor Prime.,1,Gesponsorde advertentie - Page wc papier - Sensitive toiletpapier - 24 rollen - Voordeelverpakking,0,N/A,N/A,Gesponsorde advertentie - Page wc papier - Compleet Schoon toiletpapier - 48 Rollen - Voordeelverpakking,0,Bestseller,N/A,Gesponsorde advertentie - Page wc papier - Kussenzacht toiletpapier - 42 rollen - Voordeelverpakking,0,N/A,N/A,Gesponsorde advertentie - Page wc papier - Kussenzacht toiletpapier - 24 rollen - Voordeelverpakking,0,N/A,N/A,N/A,0
NL,10/07/2022 07:19:07,Health,Dettol,https://www.amazon.nl/s?k=dettol+handgel,dettol handgel,Ga naar de productpagina voor Dettol - Power en Fresh MultiReinigingsdoekjes Citrus 4 x 80 Doekjes Grootverpakking. Komt niet in aanmerking voor Prime.---Ga naar de productpagina voor Dettol - Power en Fresh MultiReinigingsdoekjes Oceaan 4 x 80 Doekjes Grootverpakking. Komt niet in aanmerking voor Prime.---Ga naar de productpagina voor Dettol - Hygiënische Doekjes - Perfecte Hygiene - Grootverpakking 4 x 80. Komt niet in aanmerking voor Prime.,1,Dettol Handgel - Op basis van alcohol- Handgel - 200ml,1,N/A,N/A,Dettol Handzeep - Extra Care Droge en Normale Huid Honing & Galamboter 6 x 250 ml Grootverpakking,1,N/A,N/A,Dettol - Handzeep No Touch Navulling - Aloe Vera - 5 x 250ml - Grootverpakking De Dettol Store openen,1,N/A,N/A,Dettol Handzeep - Extra Care Gevoelige en Normale Huid Lotus & Kamille 6 x 250 ml Grootverpakking,1,N/A,N/A,N/A,0
NL,10/07/2022 07:19:07,Health,Dettol,https://www.amazon.nl/s?k=reinigingsdoekjes,reinigingsdoekjes,Ga naar de productpagina voor Dettol - Power en Fresh MultiReinigingsdoekjes Citrus 4 x 80 Doekjes Grootverpakking. Komt niet in aanmerking voor Prime.---Ga naar de productpagina voor Dettol Schoonmaakdoekjes Bio afbreekbaar - Citrus 8 x 50 Doekjes Grootverpakking. Komt in aanmerking voor Prime.---Ga naar de productpagina voor Dettol - Power en Fresh MultiReinigingsdoekjes Oceaan 4 x 80 Doekjes Grootverpakking. Komt niet in aanmerking voor Prime.,1,Gesponsorde advertentie - Page wc papier - Compleet Schoon toiletpapier - 48 Rollen - Voordeelverpakking,0,Bestseller,N/A,Gesponsorde advertentie - Page wc papier - Sensitive toiletpapier - 24 rollen - Voordeelverpakking,0,N/A,N/A,Gesponsorde advertentie - Page wc papier - Kussenzacht toiletpapier - 42 rollen - Voordeelverpakking,0,N/A,N/A,Gesponsorde advertentie - Page wc papier - Kussenzacht toiletpapier - 24 rollen - Voordeelverpakking,0,N/A,N/A,N/A,0
NL,10/07/2022 07:19:07,Health,Dettol,https://www.amazon.nl/s?k=dettol,dettol,Ga naar de productpagina voor Dettol - Power en Fresh MultiReinigingsdoekjes Citrus 4 x 80 Doekjes Grootverpakking. Komt niet in aanmerking voor Prime.---Ga naar de productpagina voor Dettol - Power en Fresh MultiReinigingsdoekjes Oceaan 4 x 80 Doekjes Grootverpakking. Komt niet in aanmerking voor Prime.---Ga naar de productpagina voor Dettol - Hygiënische Doekjes - Perfecte Hygiene - Grootverpakking 4 x 80. Komt niet in aanmerking voor Prime.,1,Gesponsorde advertentie - Page wc papier - Sensitive toiletpapier - 24 rollen - Voordeelverpakking,0,N/A,N/A,Gesponsorde advertentie - Page wc papier - Compleet Schoon toiletpapier - 48 Rollen - Voordeelverpakking,0,Bestseller,N/A,Gesponsorde advertentie - Page wc papier - Kussenzacht toiletpapier - 42 rollen - Voordeelverpakking,0,N/A,N/A,Gesponsorde advertentie - Page wc papier - Kussenzacht toiletpapier - 24 rollen - Voordeelverpakking,0,N/A,N/A,N/A,0
NL,10/07/2022 07:19:07,Health,Dettol,https://www.amazon.nl/s?k=dettol+allesreiniger,dettol allesreiniger,Ga naar de productpagina voor Dettol - Power en Fresh MultiReinigingsdoekjes Citrus 4 x 80 Doekjes Grootverpakking. Komt niet in aanmerking voor Prime.---Ga naar de productpagina voor Dettol - Power en Fresh MultiReinigingsdoekjes Oceaan 4 x 80 Doekjes Grootverpakking. Komt niet in aanmerking voor Prime.---Ga naar de productpagina voor Dettol - Hygiënische Doekjes - Perfecte Hygiene - Grootverpakking 4 x 80. Komt niet in aanmerking voor Prime.,1,Gesponsorde advertentie - Dettol Powe & Fresh Allesreiniger Citrus 4LT,1,N/A,N/A,Gesponsorde advertentie - Dettol Power en Fresh Allesreiniger Spray Citrus 6 x 500 ml Grootverpakking,1,N/A,N/A,Gesponsorde advertentie - Dettol - Power en Fresh Allesreiniger - Citroen en Limoen - 4 x 1 Liter Grootverpakking,1,Amazon's Keuze,N/A,"Gesponsorde advertentie - Dettol - Power en Fresh Allesreiniger Original 6 x 1,5 Liter Grootverpakking",1,N/A,N/A,N/A,0
NL,10/07/2022 07:19:07,Health,Dettol,https://www.amazon.nl/s?k=dettol+allesreinigerdoekjes,dettol allesreinigerdoekjes,Ga naar de productpagina voor Dettol - Power en Fresh MultiReinigingsdoekjes Citrus 4 x 80 Doekjes Grootverpakking. Komt niet in aanmerking voor Prime.---Ga naar de productpagina voor Dettol - Power en Fresh MultiReinigingsdoekjes Oceaan 4 x 80 Doekjes Grootverpakking. Komt niet in aanmerking voor Prime.---Ga naar de productpagina voor Dettol - Hygiënische Doekjes - Perfecte Hygiene - Grootverpakking 4 x 80. Komt niet in aanmerking voor Prime.,1,"Gesponsorde advertentie - Cif CleanBoost Power & Shine Citroen Allesreiniger Doekjes, effectief tegen vuil, vriendelijk vo...",0,N/A,N/A,"Gesponsorde advertentie - Dettol Allesreiniger Spray - Eucalyptus met 98,8% ingrediënten van natuurlijke oorsprong - 500 m...",1,N/A,N/A,"Gesponsorde advertentie - Dettol Allesreiniger Spray - Eucalyptus met 98,8% ingrediënten van natuurlijke oorsprong - 500 m...",1,N/A,N/A,Gesponsorde advertentie - Dettol Allesreiniger Spray - Mandarijn & Citroenbloesem - 100% ingrediënten van natuurlijke oors...,1,N/A,N/A,N/A,0
NL,10/07/2022 07:19:07,Health,Dettol,https://www.amazon.nl/s?k=dettol+allesreinigerspray,dettol allesreinigerspray,Ga naar de productpagina voor Dettol Power en Fresh Allesreiniger Spray Citrus 6 x 500 ml Grootverpakking. Komt niet in aanmerking voor Prime.---Ga naar de productpagina voor Dettol Allesreiniger Spray - Mandarijn & Citroenbloesem - 100% ingrediënten van natuurlijke oorsprong - 500 ml x12 - Grootverpakking. Komt in aanmerking voor Prime.---Ga naar de productpagina voor Dettol Power en Fresh Allesreiniger Spray Katoenfris 6 x 500 ml Grootverpakking. Komt niet in aanmerking voor Prime.,1,"Gesponsorde advertentie - Cif CleanBoost Power & Shine Allesreiniger Spray, met 5x Power is veelzijdig en krachtig - 6 x 7...",0,N/A,N/A,Gesponsorde advertentie - Dettol Power en Fresh Allesreiniger Spray Citrus 6 x 500 ml Grootverpakking,1,N/A,N/A,"Gesponsorde advertentie - Dettol Allesreiniger Spray - Eucalyptus met 98,8% ingrediënten van natuurlijke oorsprong - 500 m...",1,N/A,N/A,"Gesponsorde advertentie - Dettol Allesreiniger Spray - Eucalyptus met 98,8% ingrediënten van natuurlijke oorsprong - 500 m...",1,N/A,N/A,N/A,0
NL,10/07/2022 07:19:07,Health,Dettol,https://www.amazon.nl/s?k=dettol+spray,dettol spray,Ga naar de productpagina voor Dettol Power en Fresh Allesreiniger Spray Citrus 6 x 500 ml Grootverpakking. Komt niet in aanmerking voor Prime.---Ga naar de productpagina voor Dettol Allesreiniger Spray - Mandarijn & Citroenbloesem - 100% ingrediënten van natuurlijke oorsprong - 500 ml x12 - Grootverpakking. Komt in aanmerking voor Prime.---Ga naar de productpagina voor Dettol Power en Fresh Allesreiniger Spray Katoenfris 6 x 500 ml Grootverpakking. Komt niet in aanmerking voor Prime.,1,Gesponsorde advertentie - Dettol Power en Fresh Allesreiniger Spray Citrus 6 x 500 ml Grootverpakking,1,Amazon's Keuze,N/A,Gesponsorde advertentie - Dettol Allesreiniger Spray - Mandarijn & Citroenbloesem - 100% ingrediënten van natuurlijke oors...,1,N/A,N/A,"Gesponsorde advertentie - Dettol Allesreiniger Spray - Eucalyptus met 98,8% ingrediënten van natuurlijke oorsprong - 500 m...",1,N/A,N/A,"Gesponsorde advertentie - Dettol Allesreiniger Spray - Eucalyptus met 98,8% ingrediënten van natuurlijke oorsprong - 500 m...",1,N/A,N/A,N/A,0
NL,10/07/2022 07:19:07,Health,Dettol,https://www.amazon.nl/s?k=dettol+doekjes,dettol doekjes,Ga naar de productpagina voor Dettol - Power en Fresh MultiReinigingsdoekjes Citrus 4 x 80 Doekjes Grootverpakking. Komt niet in aanmerking voor Prime.---Ga naar de productpagina voor Dettol - Power en Fresh MultiReinigingsdoekjes Oceaan 4 x 80 Doekjes Grootverpakking. Komt niet in aanmerking voor Prime.---Ga naar de productpagina voor Dettol - Hygiënische Doekjes - Perfecte Hygiene - Grootverpakking 4 x 80. Komt niet in aanmerking voor Prime.,1,Gesponsorde advertentie - Page wc papier - Sensitive toiletpapier - 24 rollen - Voordeelverpakking,0,N/A,N/A,Gesponsorde advertentie - Page wc papier - Compleet Schoon toiletpapier - 48 Rollen - Voordeelverpakking,0,Bestseller,N/A,Gesponsorde advertentie - Page wc papier - Kussenzacht toiletpapier - 42 rollen - Voordeelverpakking,0,N/A,N/A,Gesponsorde advertentie - Page wc papier - Kussenzacht toiletpapier - 24 rollen - Voordeelverpakking,0,N/A,N/A,N/A,0
NL,10/07/2022 07:19:07,Health,Dettol,https://www.amazon.nl/s?k=dettol+reinigingsdoekjes,dettol reinigingsdoekjes,Ga naar de productpagina voor Dettol - Power en Fresh MultiReinigingsdoekjes Citrus 4 x 80 Doekjes Grootverpakking. Komt niet in aanmerking voor Prime.---Ga naar de productpagina voor Dettol - Power en Fresh MultiReinigingsdoekjes Oceaan 4 x 80 Doekjes Grootverpakking. Komt niet in aanmerking voor Prime.---Ga naar de productpagina voor Dettol - Hygiënische Doekjes - Perfecte Hygiene - Grootverpakking 4 x 80. Komt niet in aanmerking voor Prime.,1,Gesponsorde advertentie - Dettol - Power en Fresh MultiReinigingsdoekjes Citrus 4 x 80 Doekjes Grootverpakking,1,N/A,N/A,Dettol - Power en Fresh MultiReinigingsdoekjes Original 4 x 80 Doekjes Grootverpakking,1,Amazon's Keuze,N/A,Dettol Power en Fresh MultiReinigingsdoekjes Kersenbloesem 4 x 80 Doekjes Grootverpakking,1,N/A,N/A,Dettol - Power en Fresh MultiReinigingsdoekjes Citrus 4 x 80 Doekjes Grootverpakking,1,N/A,N/A,N/A,0
NL,10/07/2022 07:19:07,Health,Dettol,https://www.amazon.nl/s?k=dettol+wasmiddel,dettol wasmiddel,Ga naar de productpagina voor Dettol - Power en Fresh MultiReinigingsdoekjes Citrus 4 x 80 Doekjes Grootverpakking. Komt niet in aanmerking voor Prime.---Ga naar de productpagina voor Dettol - Power en Fresh MultiReinigingsdoekjes Oceaan 4 x 80 Doekjes Grootverpakking. Komt niet in aanmerking voor Prime.---Ga naar de productpagina voor Dettol - Hygiënische Doekjes - Perfecte Hygiene - Grootverpakking 4 x 80. Komt niet in aanmerking voor Prime.,1,"Gesponsorde advertentie - CIF Disinfect & Shine Schoonmaakspray Original - Desinfectie Spray, doodt 99,99% van de bacterië...",0,N/A,N/A,"Gesponsorde advertentie - Cif CleanBoost Power & Shine Allesreiniger Spray, met 5x Power is veelzijdig en krachtig - 6 x 7...",0,N/A,N/A,Gesponsorde advertentie - Marcel's Green Soap Allesreiniger Spray 500 ml - Lavendel & Rozemarijn - Plantaardig - Milieuvri...,0,N/A,N/A,Gesponsorde advertentie - Marcel's Green Soap Allesreiniger Spray 500 ml - Patchouli & Cranberry - Plantaardig - Milieuvri...,0,N/A,N/A,N/A,0
NL,10/07/2022 07:19:07,Health,Dettol,https://www.amazon.nl/s?k=handzeep,handzeep,Ga naar de productpagina voor Dettol Handzeep - Jasmijn geur verrijkt met 100% natuurlijke oliën - 6 x 250 ml Grootverpakking. Komt niet in aanmerking voor Prime.---Ga naar de productpagina voor Dettol Handzeep - Verzachtend - Aloë Vera 6 x 250 ml Grootverpakking. Komt niet in aanmerking voor Prime.---Ga naar de productpagina voor Dettol Handzeep Automatische Zeepdispenser No Touch Met Navulling Hydraterende Aloë Vera. Komt niet in aanmerking voor Prime.,1,Gesponsorde advertentie - Dettol Handzeep - Winterbessen - 6 x 250 ml  Grootverpakking,1,N/A,N/A,Gesponsorde advertentie - Dettol Handzeep - Gevoelige Huid 6 x 250 ml Grootverpakking,1,N/A,N/A,Gesponsorde advertentie - Dettol - Handzeep Navulling - Citrusgeur verrijkt met 100% natuurlijke oliën - 500ml x6 Grootver...,1,N/A,N/A,Gesponsorde advertentie - Dettol - Handzeep Navulling - Jasmijn geur verrijkt met 100% natuurlijke oliën - 500ml x6 Grootv...,1,N/A,N/A,N/A,0
NL,10/07/2022 07:19:07,Health,Dettol,https://www.amazon.nl/s?k=Dettol+No+Touch,Dettol No Touch,Ga naar de productpagina voor Dettol - Power en Fresh MultiReinigingsdoekjes Citrus 4 x 80 Doekjes Grootverpakking. Komt niet in aanmerking voor Prime.---Ga naar de productpagina voor Dettol - Power en Fresh MultiReinigingsdoekjes Oceaan 4 x 80 Doekjes Grootverpakking. Komt niet in aanmerking voor Prime.---Ga naar de productpagina voor Dettol - Hygiënische Doekjes - Perfecte Hygiene - Grootverpakking 4 x 80. Komt niet in aanmerking voor Prime.,1,Gesponsorde advertentie - Dettol Handzeep Automatische Zeepdispenser No Touch Met Navulling Hydraterende Aloë Vera,1,Amazon's Keuze,N/A,Gesponsorde advertentie - Dettol - Handzeep No Touch Navulling - Aloe Vera - 5 x 250ml - Grootverpakking De Dettol Store o...,1,N/A,N/A,Gesponsorde advertentie - Dettol - Handzeep No Touch Navulling - Galamboter 5 x 250 ml Grootverpakking,1,N/A,N/A,Gesponsorde advertentie - YICI 450ml Automatische Zeepdispenser Touchless Sanitizer Dispenser Smart Sensor Zeepdispenser U...,0,N/A,N/A,N/A,0
NL,10/07/2022 07:19:07,Health,Dettol,https://www.amazon.nl/s?k=Dettol+handzeep,Dettol handzeep,Ga naar de productpagina voor Dettol - Power en Fresh MultiReinigingsdoekjes Citrus 4 x 80 Doekjes Grootverpakking. Komt niet in aanmerking voor Prime.---Ga naar de productpagina voor Dettol - Power en Fresh MultiReinigingsdoekjes Oceaan 4 x 80 Doekjes Grootverpakking. Komt niet in aanmerking voor Prime.---Ga naar de productpagina voor Dettol - Hygiënische Doekjes - Perfecte Hygiene - Grootverpakking 4 x 80. Komt niet in aanmerking voor Prime.,1,Gesponsorde advertentie - Page Vochtig Toiletpapier - Aloe Vera Maxipack - 444 Stuks (6 x 74 Stuks) - Voordeelverpakking,0,N/A,N/A,Gesponsorde advertentie - Page Vochtig Toiletpapier - Aloë Vera - 456 Stuks - 12 x 38 Stuks - Voordeelverpakking,0,N/A,N/A,Gesponsorde advertentie - Page Vochtig Toiletpapier - Sensitive Maxipack - 444 Stuks (6 x 74 Stuks) - Voordeelverpakking,0,N/A,N/A,Gesponsorde advertentie - Page Vochtig Toiletpapier - Compleet Schoon Maxipack - 444 Stuks (6 x 74 Stuks) - Voordeelverpak...,0,N/A,N/A,N/A,0
NL,10/07/2022 07:19:07,Health,Dettol,https://www.amazon.nl/s?k=dettol+navulling,dettol navulling,Ga naar de productpagina voor Dettol - Power en Fresh MultiReinigingsdoekjes Citrus 4 x 80 Doekjes Grootverpakking. Komt niet in aanmerking voor Prime.---Ga naar de productpagina voor Dettol - Power en Fresh MultiReinigingsdoekjes Oceaan 4 x 80 Doekjes Grootverpakking. Komt niet in aanmerking voor Prime.---Ga naar de productpagina voor Dettol - Hygiënische Doekjes - Perfecte Hygiene - Grootverpakking 4 x 80. Komt niet in aanmerking voor Prime.,1,Gesponsorde advertentie - Dettol - Handzeep No Touch Navulling - Galamboter 5 x 250 ml Grootverpakking,1,N/A,N/A,Gesponsorde advertentie - Dettol - Handzeep No Touch Navulling - Aloe Vera - 5 x 250ml - Grootverpakking De Dettol Store o...,1,N/A,N/A,Gesponsorde advertentie - Dettol Handzeep Automatische Zeepdispenser No Touch Met Navulling Hydraterende Aloë Vera,1,Bestseller,N/A,Gesponsorde advertentie - CIF ECO Power & Shine Schoonmaakspray Badkamer Navulling - 1 stuk,0,N/A,N/A,N/A,0
NL,10/07/2022 07:19:07,Health,Veet,https://www.amazon.nl/s?k=Ontharing+mannen,Ontharing mannen,Ga naar de productpagina voor Veet Men Ontharingskit voor Intieme Delen - Ontharingscr?me en Aftercare balsem - 100ml + 50ml. Komt niet in aanmerking voor Prime.---Ga naar de productpagina voor Veet Men - Ontharingscreme - Man - Gevoelige Huid - In Shower - 150 ml. Komt niet in aanmerking voor Prime.,1,"Gesponsorde advertentie - IPL Ontharingsapparaat Kismi, Lichtpulsen Ontharing voor Mannen en Vrouwen, met 990.000 Flitsen,...",0,N/A,N/A,Gesponsorde advertentie - NO HAIR CREW Premium Ontharingscr?me Voor Mannen - Zachte Ontharing Voor de Intieme Delen (100 ml),0,N/A,N/A,Gesponsorde advertentie - NO HAIR CREW Premium Ontharingscr?me Voor Mannen - Effectieve en Zachte Ontharing Voor Het Licha...,0,N/A,N/A,Gesponsorde advertentie - NO HAIR CREW Premium Ontharingswasstrips Voor Mannen - Langdurige Ontharing Voor het Lichaam (20...,0,N/A,N/A,N/A,0
NL,10/07/2022 07:19:07,Health,Veet,https://www.amazon.nl/s?k=Ontharingscreme,Ontharingscreme,Ga naar de productpagina voor Veet Ontharingscreme - Droge Huid - Minima - 200 ml. Komt niet in aanmerking voor Prime.---Ga naar de productpagina voor Veet Ontharingscreme - Bikinilijn & Oksels - Gevoelige Huid - Minima - 100ml. Komt niet in aanmerking voor Prime.,1,Gesponsorde advertentie - Veet Ontharingscreme - Normale Huid - Minima - 200 ml,1,N/A,N/A,Gesponsorde advertentie - Veet - Ontharingscr?me - Gevoelige Huid - Minima - 400 ml,1,Bestseller,N/A,Gesponsorde advertentie - Veet - Ontharingscr?me - Gevoelige Huid - In Shower - 150ML,1,Amazon's Keuze,N/A,Gesponsorde advertentie - Veet Ontharingscreme - Bikinilijn & Oksels - Gevoelige Huid - Minima - 100ml,1,N/A,N/A,N/A,0
NL,10/07/2022 07:19:07,Health,Veet,https://www.amazon.nl/s?k=Ontharingsspray,Ontharingsspray,Ga naar de productpagina voor Veet Ontharingscreme - Droge Huid - Minima - 200 ml. Komt niet in aanmerking voor Prime.---Ga naar de productpagina voor Veet Ontharingscreme - Bikinilijn & Oksels - Gevoelige Huid - Minima - 100ml. Komt niet in aanmerking voor Prime.,1,"Gesponsorde advertentie - Handontharingsspray, ontharingsspray Krimp poriën voor ontharing Huidverzorging",0,N/A,N/A,Gesponsorde advertentie - Bijenwasmousse Ontharingsspray Plantenextract Hydraterende Ontharingsspray Schuim voor Armen Ben...,0,N/A,N/A,"Gesponsorde advertentie - 120g ontharingsspray, ontharingscr?me spray, professionele mannen en vrouwen lichaamspil onthari...",0,N/A,N/A,"Gesponsorde advertentie - Ontharingsspray, huishoudelijke ontharingsspray voor thuisreizen voor schoonheidssalon",0,N/A,N/A,N/A,0
NL,10/07/2022 07:19:07,Health,Veet,https://www.amazon.nl/s?k=Ontharingsstrips,Ontharingsstrips,Ga naar de productpagina voor Veet Ontharingsstrips - Gezicht - Hypoallergene Minima - 20 stuks. Komt niet in aanmerking voor Prime.---Ga naar de productpagina voor Veet Ontharingsstrips - Benen & Lichaam - Gevoelige Huid - Easy-Gelwax - 40 stuks. Komt niet in aanmerking voor Prime.---Ga naar de productpagina voor Veet Ontharingsstrips - Benen & Lichaam - Hypoallergene Minima - 40 stuks. Komt niet in aanmerking voor Prime.,1,Gesponsorde advertentie - Veet Ontharingsstrips - Bikinilijn - 30 stuks,1,N/A,N/A,Gesponsorde advertentie - Veet - Ontharingsstrips Easy-Gel - Gevoelige Huid - Oksels - 30 stuks,1,N/A,N/A,Gesponsorde advertentie - Veet Ontharingsstrips - Benen & Lichaam - Gevoelige Huid - Easy-Gelwax - 40 stuks,1,Amazon's Keuze,N/A,Veet Ontharingsstrips - Benen & Lichaam - Gevoelige Huid - Easy-Gelwax - 40 stuks,1,Amazon's Keuze,N/A,N/A,0
NL,10/07/2022 07:19:07,Health,Veet,https://www.amazon.nl/s?k=Veet+ontharing,Veet ontharing,Ga naar de productpagina voor Veet Men Ontharingskit voor Intieme Delen - Ontharingscr?me en Aftercare balsem - 100ml + 50ml. Komt niet in aanmerking voor Prime.---Ga naar de productpagina voor Veet Men - Ontharingscreme - Man - Gevoelige Huid - In Shower - 150 ml. Komt niet in aanmerking voor Prime.,1,Gesponsorde advertentie - Veet Voedende Olie - Voor & na ontharing - Miraculous Arganolie - 100 ml,1,N/A,N/A,Gesponsorde advertentie - Veet Ontharingsapparaat - Ontharings Wax - Easy Wax,1,N/A,N/A,Gesponsorde advertentie - Veet - Ontharingscr?me - Gevoelige Huid - Minima - 400 ml,1,Bestseller,N/A,Gesponsorde advertentie - NO HAIR CREW Premium Ontharingscr?me Voor Mannen - Zachte Ontharing Voor de Intieme Delen (100 ml),0,N/A,N/A,N/A,0
NL,10/07/2022 07:19:07,Health,Veet,https://www.amazon.nl/s?k=Waxstrips,Waxstrips,Ga naar de productpagina voor Wax ontharen • KIT MEALISS 120 • waxverwarmer • hars • 1KG afpelbare hypoallergene wax • kalmerende olie • spatels • Franse fabricatie • Epilatie lichaam bikinilijn en gezicht • Plastimea. Komt in aanmerking voor Prime.---Ga naar de productpagina voor Wax ontharen - KIT MEALISS 10 - Waxverwarmer - Hars - 400g afpelbare hypoallergene wax - Kalmerende olie - Spatels - Epilatie lichaam bikinilijn en gezicht - Franse fabricatie - Plastimea. Komt in aanmerking voor Prime.---Ga naar de productpagina voor Gezichtssauna ? Premium Gezichtsstomer met inhalator ? Voorbereiding gezichtsmasker en verzorging ? Inhalator voor etherische olën ? Voor alle huidtypes. Komt in aanmerking voor Prime.,0,Gesponsorde advertentie - Veet Ontharingsapparaat - Ontharings Wax - Easy Wax,1,N/A,N/A,Gesponsorde advertentie - RIO CITY WAX Brazilian Wax 1 kg zonder strips voor professionele ontharing,0,N/A,N/A,Gesponsorde advertentie - Veet - Ontharingsstrips - Alle Huidtypes - Gezicht - Argan - 20 stuks,1,N/A,N/A,"Gesponsorde advertentie - Mylee Complete Wax Set, Inclusief Salon Kwaliteit Waxverwarmer, Zachte Cr?me Wax, Wax Strips, Sp...",0,N/A,N/A,N/A,0
NL,10/07/2022 07:19:07,Health,Veet,https://www.amazon.nl/s?k=wax+strips,wax strips,Ga naar de productpagina voor Wax ontharen • KIT MEALISS 120 • waxverwarmer • hars • 1KG afpelbare hypoallergene wax • kalmerende olie • spatels • Franse fabricatie • Epilatie lichaam bikinilijn en gezicht • Plastimea. Komt in aanmerking voor Prime.---Ga naar de productpagina voor Wax ontharen - KIT MEALISS 10 - Waxverwarmer - Hars - 400g afpelbare hypoallergene wax - Kalmerende olie - Spatels - Epilatie lichaam bikinilijn en gezicht - Franse fabricatie - Plastimea. Komt in aanmerking voor Prime.---Ga naar de productpagina voor Gezichtssauna ? Premium Gezichtsstomer met inhalator ? Voorbereiding gezichtsmasker en verzorging ? Inhalator voor etherische olën ? Voor alle huidtypes. Komt in aanmerking voor Prime.,0,Gesponsorde advertentie - Veet Ontharingsapparaat - Ontharings Wax - Easy Wax,1,N/A,N/A,Gesponsorde advertentie - Veet - Ontharingsstrips - Alle Huidtypes - Gezicht - Argan - 20 stuks,1,N/A,N/A,Gesponsorde advertentie - RIO CITY WAX Brazilian Wax 1 kg zonder strips voor professionele ontharing,0,N/A,N/A,"Gesponsorde advertentie - Mylee Complete Wax Set, Inclusief Salon Kwaliteit Waxverwarmer, Zachte Cr?me Wax, Wax Strips, Sp...",0,N/A,N/A,N/A,0
NL,10/07/2022 07:19:07,Health,Veet,https://www.amazon.nl/s?k=ontharingscreme+vrouw,ontharingscreme vrouw,Ga naar de productpagina voor Veet Ontharingscreme - Droge Huid - Minima - 200 ml. Komt niet in aanmerking voor Prime.---Ga naar de productpagina voor Veet Ontharingscreme - Bikinilijn & Oksels - Gevoelige Huid - Minima - 100ml. Komt niet in aanmerking voor Prime.,1,"Gesponsorde advertentie - Ontharingscr?me, Ontharingscr?me, Bikini Cr?me Ontharingscr?me Zachte Okselhaarverwijderaar Pijn...",0,N/A,N/A,"Joriole intieme ontharingscr?me voor intieme delen oksels benen lichaam, intieme scheer cr?me voor vrouwen en mannen, onth...",0,N/A,N/A,"Ontharingscr?me voor het lichaam Mannen/vrouwen, Pijnloze ontharingscr?me, Lichaamshaar van de wortels verwijderen, Gevoel...",0,N/A,N/A,"Ontharingscr?me, Pijnloze ontharing, Natuurlijk haarverwijderaar voor armen, benen, bikinilijn, gezicht en lichaam, Intiem...",0,N/A,N/A,N/A,0
NL,10/07/2022 07:19:07,Health,Veet,https://www.amazon.nl/s?k=veet+ontharingscreme,veet ontharingscreme,Ga naar de productpagina voor Veet Ontharingscreme - Droge Huid - Minima - 200 ml. Komt niet in aanmerking voor Prime.---Ga naar de productpagina voor Veet Ontharingscreme - Bikinilijn & Oksels - Gevoelige Huid - Minima - 100ml. Komt niet in aanmerking voor Prime.,1,Gesponsorde advertentie - Veet Ontharingscreme - Normale Huid - Minima - 200 ml,1,N/A,N/A,Gesponsorde advertentie - Veet Ontharingscreme - Bikinilijn & Oksels - Gevoelige Huid - Minima - 100ml,1,N/A,N/A,Gesponsorde advertentie - Veet - Ontharingscr?me - Gevoelige Huid - Minima - 400 ml,1,Bestseller,N/A,Gesponsorde advertentie - Veet - Ontharingscr?me - Gevoelige Huid - In Shower - 150ML,1,Amazon's Keuze,N/A,N/A,0
NL,10/07/2022 07:19:07,Health,Veet,https://www.amazon.nl/s?k=ontharingscreme+intieme+delen,ontharingscreme intieme delen,Ga naar de productpagina voor Veet Men Ontharingskit voor Intieme Delen - Ontharingscr?me en Aftercare balsem - 100ml + 50ml. Komt niet in aanmerking voor Prime.---Ga naar de productpagina voor Veet Men - Ontharingscreme - Man - Gevoelige Huid - In Shower - 150 ml. Komt niet in aanmerking voor Prime.,1,Gesponsorde advertentie - Veet Men Ontharingskit voor Intieme Delen - Ontharingscr?me en Aftercare balsem - 100ml + 50ml,1,Bestseller,N/A,Gesponsorde advertentie - NO HAIR CREW Premium Ontharingscr?me Voor Mannen - Zachte Ontharing Voor de Intieme Delen (100 ml),0,N/A,N/A,Veet Men Ontharingskit voor Intieme Delen - Ontharingscr?me en Aftercare balsem - 100ml + 50ml,1,Bestseller,N/A,NO HAIR CREW Premium Ontharingscr?me Voor Mannen - Zachte Ontharing Voor de Intieme Delen (100 ml),0,N/A,N/A,N/A,0
NL,10/07/2022 07:19:07,Health,Veet,https://www.amazon.nl/s?k=veet+men,veet men,Ga naar de productpagina voor Veet Men Ontharingskit voor Intieme Delen - Ontharingscr?me en Aftercare balsem - 100ml + 50ml. Komt niet in aanmerking voor Prime.---Ga naar de productpagina voor Veet Men - Ontharingscreme - Man - Gevoelige Huid - In Shower - 150 ml. Komt niet in aanmerking voor Prime.,1,Gesponsorde advertentie - Veet Men Ontharingskit voor Intieme Delen - Ontharingscr?me en Aftercare balsem - 100ml + 50ml,1,Bestseller,N/A,Gesponsorde advertentie - Veet Men - Ontharingscreme - Man - Gevoelige Huid - In Shower - 150 ml,1,N/A,N/A,Gesponsorde advertentie - NO HAIR CREW Premium Ontharingswasstrips Voor Mannen - Langdurige Ontharing Voor het Lichaam (20...,0,N/A,N/A,Gesponsorde advertentie - NO HAIR CREW Premium Ontharingscr?me Voor Mannen - Zachte Ontharing Voor de Intieme Delen (100 ml),0,N/A,N/A,N/A,0
NL,10/07/2022 07:19:07,Health,Veet,https://www.amazon.nl/s?k=veet+wax,veet wax,Ga naar de productpagina voor Veet Men Ontharingskit voor Intieme Delen - Ontharingscr?me en Aftercare balsem - 100ml + 50ml. Komt niet in aanmerking voor Prime.---Ga naar de productpagina voor Veet Men - Ontharingscreme - Man - Gevoelige Huid - In Shower - 150 ml. Komt niet in aanmerking voor Prime.,1,Gesponsorde advertentie - Veet Ontharingsapparaat - Ontharings Wax - Easy Wax,1,N/A,N/A,Gesponsorde advertentie - Veet - Ontharingsstrips - Alle Huidtypes - Gezicht - Argan - 20 stuks,1,N/A,N/A,"Gesponsorde advertentie - Haar Wax Stick, 75g/2.64oz Niet-vette Styling Haar Wax Haarverzorging Styling Tool voor Haar Pru...",0,N/A,N/A,"Gesponsorde advertentie - Professionele Gebroken Haar Styling Tool, Haar Wax Stick, Gebroken Haar Afwerking Cr?me, Niet-Ve...",0,N/A,N/A,N/A,0
NL,10/07/2022 07:19:07,Health,Veet,https://www.amazon.nl/s?k=veet+ontharingsstrips,veet ontharingsstrips,Ga naar de productpagina voor Veet Men Ontharingskit voor Intieme Delen - Ontharingscr?me en Aftercare balsem - 100ml + 50ml. Komt niet in aanmerking voor Prime.---Ga naar de productpagina voor Veet Men - Ontharingscreme - Man - Gevoelige Huid - In Shower - 150 ml. Komt niet in aanmerking voor Prime.,1,Gesponsorde advertentie - Veet Ontharingsstrips - Bikinilijn - 30 stuks,1,N/A,N/A,Gesponsorde advertentie - Veet Ontharingsstrips - Gezicht - Hypoallergene Minima - 20 stuks,1,N/A,N/A,Gesponsorde advertentie - Veet - Ontharingsstrips Easy-Gel - Gevoelige Huid - Oksels - 30 stuks,1,N/A,N/A,Gesponsorde advertentie - Veet Ontharingsstrips - Benen & Lichaam - Gevoelige Huid - Easy-Gelwax - 40 stuks,1,Amazon's Keuze,N/A,N/A,0
NL,10/07/2022 07:19:07,Health,Veet,https://www.amazon.nl/s?k=veet+wax+strips,veet wax strips,Ga naar de productpagina voor Veet Men Ontharingskit voor Intieme Delen - Ontharingscr?me en Aftercare balsem - 100ml + 50ml. Komt niet in aanmerking voor Prime.---Ga naar de productpagina voor Veet Men - Ontharingscreme - Man - Gevoelige Huid - In Shower - 150 ml. Komt niet in aanmerking voor Prime.,1,Gesponsorde advertentie - Veet - Ontharingsstrips - Alle Huidtypes - Gezicht - Argan - 20 stuks,1,N/A,N/A,Gesponsorde advertentie - Veet Ontharingsapparaat - Ontharings Wax - Easy Wax,1,N/A,N/A,Gesponsorde advertentie - RIO CITY WAX Brazilian Wax 1 kg zonder strips voor professionele ontharing,0,N/A,N/A,"Gesponsorde advertentie - Mylee Complete Wax Set, Inclusief Salon Kwaliteit Waxverwarmer, Zachte Cr?me Wax, Wax Strips, Sp...",0,N/A,N/A,N/A,0
NL,10/07/2022 07:19:07,Health,Veet,https://www.amazon.nl/s?k=Veet,Veet,Ga naar de productpagina voor Andrélon Classic Iedere Dag Shampoo Voor Ieder Haartype - 6 x 300 ml - Voordeelverpakking. Komt niet in aanmerking voor Prime.---Ga naar de productpagina voor Andrélon Classic 2 in 1 Shampoo Hair & Body voor ieder haartype - 6 x 300ML - Voordeelverpakking. Komt niet in aanmerking voor Prime.,0,Gesponsorde advertentie - Veet Ontharingsstrips - Bikinilijn - 30 stuks,1,N/A,N/A,Gesponsorde advertentie - Veet Ontharingsstrips - Benen & Lichaam - Gevoelige Huid - Easy-Gelwax - 40 stuks,1,Amazon's Keuze,N/A,Gesponsorde advertentie - Veet Ontharingsstrips - Benen & Lichaam - Hypoallergene Minima - 40 stuks,1,N/A,N/A,Gesponsorde advertentie - Veet - Ontharingsstrips - Alle Huidtypes - Gezicht - Argan - 20 stuks,1,N/A,N/A,N/A,0
NL,10/07/2022 07:19:07,Health,Veet,https://www.amazon.nl/s?k=ontharing+vrouwen,ontharing vrouwen,Ga naar de productpagina voor Wax ontharen • KIT MEALISS 120 • waxverwarmer • hars • 1KG afpelbare hypoallergene wax • kalmerende olie • spatels • Franse fabricatie • Epilatie lichaam bikinilijn en gezicht • Plastimea. Komt in aanmerking voor Prime.---Ga naar de productpagina voor Wax ontharen - KIT MEALISS 10 - Waxverwarmer - Hars - 400g afpelbare hypoallergene wax - Kalmerende olie - Spatels - Epilatie lichaam bikinilijn en gezicht - Franse fabricatie - Plastimea. Komt in aanmerking voor Prime.---Ga naar de productpagina voor Gezichtssauna ? Premium Gezichtsstomer met inhalator ? Voorbereiding gezichtsmasker en verzorging ? Inhalator voor etherische olën ? Voor alle huidtypes. Komt in aanmerking voor Prime.,0,"Gesponsorde advertentie - IPL Ontharingsapparaat Kismi, Lichtpulsen Ontharing voor Mannen en Vrouwen, met 990.000 Flitsen,...",0,N/A,N/A,"Gesponsorde advertentie - IPL Ontharingsapparaat voor mannen en vrouwen, permanente ontharing, gladde huid, met 99,999 fli...",0,N/A,N/A,"Gesponsorde advertentie - IPL ontharingsapparaat voor mannen en vrouwen, permanente pijnloze ontharing, 2 modi en 5 niveau...",0,N/A,N/A,Gesponsorde advertentie - Laser Ontharing Voor Vrouwen Permanente Laser Hair Remover Voor Mannen- Thuis Laser Ontharing Ap...,0,N/A,N/A,N/A,0
NL,10/07/2022 07:19:07,Health,Veet,https://www.amazon.nl/s?k=veet+ontharing+mannen,veet ontharing mannen,Ga naar de productpagina voor Veet Men Ontharingskit voor Intieme Delen - Ontharingscr?me en Aftercare balsem - 100ml + 50ml. Komt niet in aanmerking voor Prime.---Ga naar de productpagina voor Veet Men - Ontharingscreme - Man - Gevoelige Huid - In Shower - 150 ml. Komt niet in aanmerking voor Prime.,1,"Gesponsorde advertentie - IPL Ontharingsapparaat Kismi, Lichtpulsen Ontharing voor Mannen en Vrouwen, met 990.000 Flitsen,...",0,N/A,N/A,Gesponsorde advertentie - Veet Ontharingsapparaat - Ontharings Wax - Easy Wax,1,N/A,N/A,Gesponsorde advertentie - Veet Voedende Olie - Voor & na ontharing - Miraculous Arganolie - 100 ml,1,N/A,N/A,Gesponsorde advertentie - Veet - Ontharingscr?me - Gevoelige Huid - Minima - 400 ml,1,Bestseller,N/A,N/A,0
NL,10/07/2022 07:19:07,Health,Veet,https://www.amazon.nl/s?k=koude+waxstrips,koude waxstrips,Ga naar de productpagina voor Veet Ontharingsstrips - Gezicht - Hypoallergene Minima - 20 stuks. Komt niet in aanmerking voor Prime.---Ga naar de productpagina voor Veet Ontharingsstrips - Benen & Lichaam - Gevoelige Huid - Easy-Gelwax - 40 stuks. Komt niet in aanmerking voor Prime.---Ga naar de productpagina voor Veet Ontharingsstrips - Benen & Lichaam - Hypoallergene Minima - 40 stuks. Komt niet in aanmerking voor Prime.,1,"Gesponsorde advertentie - 6 x No Hair Crew koude waxstrips voor het lichaam, waxstrips voor ontharing, voor mannen (set 6 ...",0,N/A,N/A,Gesponsorde advertentie - 100 stuks waxstrips vlies gebruik van waspapier voor ontharing met koude was,0,N/A,N/A,"Gesponsorde advertentie - Waxstrips been-arm, okselholte, ontharingsvlies-epilator, waxstrip, koud waspapier",0,N/A,N/A,"Gesponsorde advertentie - Ontharingspapier, Vetvrij Papier Ontharingstapes Epilator Waxstrips Witte Tapes Ontharing Voor O...",0,N/A,N/A,N/A,0
NL,10/07/2022 07:19:07,Health,Veet,https://www.amazon.nl/s?k=ontharingswax,ontharingswax,Ga naar de productpagina voor Veet Ontharingsstrips - Gezicht - Hypoallergene Minima - 20 stuks. Komt niet in aanmerking voor Prime.---Ga naar de productpagina voor Veet Ontharingsstrips - Benen & Lichaam - Gevoelige Huid - Easy-Gelwax - 40 stuks. Komt niet in aanmerking voor Prime.---Ga naar de productpagina voor Veet Ontharingsstrips - Benen & Lichaam - Hypoallergene Minima - 40 stuks. Komt niet in aanmerking voor Prime.,1,"Gesponsorde advertentie - Original Yoffee Nose Wax Applicators - Kit van 30 waxapplicators voor neushaarverwijdering, indi...",0,N/A,N/A,"Gesponsorde advertentie - Wax Warmer Ontharingsset, Ontharingsharsset, Elektrische Waxverwarmer Gouden Ontharingswax Bean ...",0,N/A,N/A,"Gesponsorde advertentie - Ontharingswas, Ontharingswax Professionele Unisex Arm Been Onderarm Ontharingshars Ontharingshar...",0,N/A,N/A,"Gesponsorde advertentie - Ontharingswaxverwarmer Voor Vrouwen, Ontharingswaxverwarmer Voor Vrouwen Ontharingswaxmachine On...",0,N/A,N/A,N/A,0
NL,10/07/2022 07:19:07,Health,Veet,https://www.amazon.nl/s?k=ontharingsceme+mannen,ontharingsceme mannen,N/A,0,"King C. Gillette 7702018545247 - Mannen Kit voor Draadloze Baardtrimmer, Blauw",0,N/A,N/A,Balzy Manmower 3.0 Heren Lichaam Trimmer - Bodygroomer voor onder de Douche - Draadloos - Zwart,0,N/A,N/A,Philips Tondeuse - Zelfslijpende stalen mesjes - Huidvriendelijk - 11 Lengtestanden - Compact en lichtgewicht - Ultrastil...,0,N/A,N/A,"Braun Baardtrimmer, Trimmer En Haartrimmer Voor Mannen, Levenslang Scherpe Metalen Mesjes, 39 Lengte-instellingen, BT7240,...",0,N/A,N/A,N/A,0
